Model name,MAPE test,MAPE validation
ExponentialSmoothing_default,0.7101162865775036,0.344315005871173
AutoETS,0.6104325249635324,0.2925263064631927
ExponentialSmoothing_genetic,0.694593570799978,0.21919610796778422
